{"cameraMode":{"drawMode":0,"name":"Shaded","section":"Shading Mode"},"sceneLighting":true,"audioPlay":false,"sceneViewState":{"m_AlwaysRefresh":false,"showFog":true,"showSkybox":true,"showFlares":true,"showImageEffects":true,"showParticleSystems":true,"showVisualEffectGraphs":true,"m_FxEnabled":true},"in2DMode":false,"pivot":{"x":-9.60401439666748,"y":7.039065361022949,"z":21.68058204650879},"rotation":{"x":0.2955198585987091,"y":0.0011428105644881726,"z":-0.00035349983954802155,"w":0.9553356766700745},"size":74.51180267333985,"orthographic":false}