{"cameraMode":{"drawMode":0,"name":"Shaded","section":"Shading Mode"},"sceneLighting":true,"audioPlay":false,"sceneViewState":{"m_AlwaysRefresh":false,"showFog":true,"showSkybox":true,"showFlares":true,"showImageEffects":true,"showParticleSystems":true,"showVisualEffectGraphs":true,"m_FxEnabled":true},"in2DMode":false,"pivot":{"x":-13.603208541870118,"y":-47.86625671386719,"z":40.21071243286133},"rotation":{"x":0.4030793011188507,"y":-0.016472402960062028,"z":0.007255743257701397,"w":0.9149904847145081},"size":69.20597839355469,"orthographic":false}